1,"1","Nightfawn","Blowjob,English,Hand Job,Milf,Succubus,Tailjob","","A Virgin Visits A Monster Brothel","","https://cdn.glitch.global/8a12e68a-154b-4206-a6d7-dadd1141b198/ddf755fb-9863-433a-8cf2-4f0dcdc6b3db.image.png?v=1691559673421","https://cdn.glitch.me/eefb1a2d-90ba-478b-b95a-dd50511909fe/SpankBang.com_mom%2Basmr%2Bwuhu_720p.mp4?v=1681911404572","",""
2,"2","Alekirser","Blowjob,Ponytail,Incest,Younger Sister,English","","Truth or Dare With Your SLUTTY Babysitter | Audio ASMR Roleplay","","https://cdn.glitch.global/d8e66c1f-74c5-4053-808b-edf278b2a7e7/2-1.jpg?v=1717673535421","","https://cdn.glitch.me/d8e66c1f-74c5-4053-808b-edf278b2a7e7/2-0.mp3?v=1717673534225",""
3,"3","Alekirser","Blowjob,Yandere,English","","Yandere Cutie is Obsessed With Your Cock â™¡ | Audio ASMR Roleplay","","https://cdn.glitch.global/d8e66c1f-74c5-4053-808b-edf278b2a7e7/3-0.jpg?v=1717682206278","","https://cdn.glitch.me/d8e66c1f-74c5-4053-808b-edf278b2a7e7/3-t1.mp3?v=1717682213644",""
4,"4","Alekirser","Blowjob,Step Mother,English","","Your Hot, Young Stepmom Wants You to Fuck Her! | ASMR Audio Roleplay","","https://cdn.glitch.global/d8e66c1f-74c5-4053-808b-edf278b2a7e7/4-0.jpg?v=1717683383858","","https://cdn.glitch.global/d8e66c1f-74c5-4053-808b-edf278b2a7e7/4-t1.mp3?v=1717683419692",""
5,"5","SnakeySmut","Blowjob,Anal,Ahegao,Dirty Talk,English","","Testing Your Best Friend's Hot Sister [Audio Porn] [Slut Training] [Use All My Holes]","","https://cdn.glitch.global/d8e66c1f-74c5-4053-808b-edf278b2a7e7/5-0.jpg?v=1717685185860","","https://cdn.glitch.me/d8e66c1f-74c5-4053-808b-edf278b2a7e7/5-t1.mp3?v=1717685184708",""
6,"6","Elly Audios","Gym Clothes,Dirty Talk,English","","(ASMR) Your Gym Bunny GF Is Dripping Wet For You In The Gym","","https://cdn.glitch.global/d8e66c1f-74c5-4053-808b-edf278b2a7e7/6-0.jpg?v=1717685359905","","https://cdn.glitch.me/d8e66c1f-74c5-4053-808b-edf278b2a7e7/6-t1.mp3?v=1717685364944",""
7,"7","Elly Audios","Blowjob,Breath,English","","Your Sister's Bff Wants To Warm Up & Break Around Your Cock Really Bad","","https://cdn.glitch.global/d8e66c1f-74c5-4053-808b-edf278b2a7e7/7-0.jpg?v=1717685564313","","https://cdn.glitch.me/d8e66c1f-74c5-4053-808b-edf278b2a7e7/7-t1.mp3?v=1717685572417",""
8,"8","Mommy Mari NSFW","Little Step Sister,English","","Showing Your Little Step Sis How Babies Are Made!~","","https://cdn.glitch.global/d8e66c1f-74c5-4053-808b-edf278b2a7e7/8-0.jpg?v=1717686355956","","https://cdn.glitch.global/d8e66c1f-74c5-4053-808b-edf278b2a7e7/8-t1.mp3?v=1717686359851",""
9,"9","LemonKynn","Blowjob,English","","Erotic Audio RP - Reminding Your Free Use Roomate of Her Role","","https://cdn.glitch.global/d8e66c1f-74c5-4053-808b-edf278b2a7e7/9-0.jpg?v=1717687426480","","https://cdn.glitch.global/d8e66c1f-74c5-4053-808b-edf278b2a7e7/9-t1.mp3?v=1717687431138",""
10,"10","LemonKynn","Kouhai,English","","Erotic ASMR RP - Convenient Submissive Cocksucker +1 To Your Collection","","https://cdn.glitch.global/d8e66c1f-74c5-4053-808b-edf278b2a7e7/10-0.jpg?v=1717689102845","","https://cdn.glitch.global/d8e66c1f-74c5-4053-808b-edf278b2a7e7/10-t1.mp3?v=1717689107866",""
11,"11","SoleilASMR","Blowjob,Handjob,Twin Tails,English","","Your Good Girl Wakes You Up for a Sloppy Blowjob & Swallows Your Cum (ASMR Audio Porn Roleplay)","","https://cdn.glitch.global/d8e66c1f-74c5-4053-808b-edf278b2a7e7/11-0.jpg?v=1717689108953","","https://cdn.glitch.me/d8e66c1f-74c5-4053-808b-edf278b2a7e7/11-t1.mp3?v=1717689112003",""
