#ID,#PREFIX
1,https://cdn.glitch.global/8a12e68a-154b-4206-a6d7-dadd1141b198/
2,https://cdn.glitch.me/8a12e68a-154b-4206-a6d7-dadd1141b198/
3,https://cdn.glitch.global/36049008-0c55-496e-873e-a2f971037d73/
4,https://cdn.glitch.global/7faf50de-7c77-4bd4-85f5-386b2d8b7861/
5,https://cdn.glitch.global/7fb044bc-0e85-4b22-93e8-6c640ac8f5db/
6,https://cdn.glitch.me/7fb044bc-0e85-4b22-93e8-6c640ac8f5db/
7,https://cdn.glitch.global/feb59dc7-441d-47d4-937c-40b6f33573bd/
8,https://cdn.glitch.me/feb59dc7-441d-47d4-937c-40b6f33573bd/
9,https://cdn.glitch.global/df7cf604-4a43-4b0a-bf93-9a364566eccb/
10,https://cdn.glitch.me/df7cf604-4a43-4b0a-bf93-9a364566eccb/
11,https://cdn.glitch.global/7070c4f3-6ccd-486e-a713-915b4477b1fa/
12,https://cdn.glitch.me/7070c4f3-6ccd-486e-a713-915b4477b1fa/
13,https://cdn.glitch.global/43bf1b52-1acd-4635-9e88-afc9baf0e898/
14,https://cdn.glitch.me/43bf1b52-1acd-4635-9e88-afc9baf0e898/
15,https://cdn.glitch.me/36049008-0c55-496e-873e-a2f971037d73/
16,https://cdn.glitch.global/9eb27ab6-a0db-461d-9bbd-628ecc9a6769/
17,https://cdn.glitch.me/9eb27ab6-a0db-461d-9bbd-628ecc9a6769/
18,https://cdn.glitch.global/cbd0ac37-5557-4012-b498-643e6f89d54c/
19,https://cdn.glitch.me/cbd0ac37-5557-4012-b498-643e6f89d54c/
20,https://cdn.glitch.global/1d46fb5f-c750-4e6d-9785-7de06c91262f/
21,https://cdn.glitch.me/1d46fb5f-c750-4e6d-9785-7de06c91262f/
22,https://cdn.glitch.global/d0ba9ac8-9843-4269-aa9a-93830f7c36ff/
23,https://cdn.glitch.me/d0ba9ac8-9843-4269-aa9a-93830f7c36ff/